-- DevLingo mock quiz data
-- Internal demo seed data. Structure follows the old mockQuizData.sql format.
-- Categories: Internet, Hardware, Software. Difficulties: Easy, Medium, Hard.
-- 9 lessons, 90 terms, 90 questions.
-- Frontend-aligned quiz seed for internal demo/testing.


DELETE FROM user_progress;
DELETE FROM questions;
DELETE FROM terms;
DELETE FROM lessons;

INSERT INTO lessons
(id, title, category, difficulty, description, orderIndex, isPublished)
VALUES
(1, 'Internet - Easy', 'Internet', 'Easy', 'Easy Internet quiz for internal demo.', 1, 1),
(2, 'Internet - Medium', 'Internet', 'Medium', 'Medium Internet quiz for internal demo.', 2, 1),
(3, 'Internet - Hard', 'Internet', 'Hard', 'Hard Internet quiz for internal demo.', 3, 1),
(4, 'Hardware - Easy', 'Hardware', 'Easy', 'Easy Hardware quiz for internal demo.', 4, 1),
(5, 'Hardware - Medium', 'Hardware', 'Medium', 'Medium Hardware quiz for internal demo.', 5, 1),
(6, 'Hardware - Hard', 'Hardware', 'Hard', 'Hard Hardware quiz for internal demo.', 6, 1),
(7, 'Software - Easy', 'Software', 'Easy', 'Easy Software quiz for internal demo.', 7, 1),
(8, 'Software - Medium', 'Software', 'Medium', 'Medium Software quiz for internal demo.', 8, 1),
(9, 'Software - Hard', 'Software', 'Hard', 'Hard Software quiz for internal demo.', 9, 1);

INSERT INTO terms
(id, lessonId, termName, definition, slangExplanation, example)
VALUES
(1, 1, 'Cc', 'An email field used to send a copy of a message to additional recipients.', 'Copy recipient field.', 'Put a teammate in Cc so they receive the same email.'),
(2, 1, 'Browser', 'A software application used to access and view webpages.', 'Web viewing app.', 'Chrome, Edge, and Firefox are browsers.'),
(3, 1, 'URL', 'The address used to locate a resource on the web.', 'Web address.', 'https://example.com is a URL.'),
(4, 1, 'Homepage', 'The main or starting page of a website or browser.', 'Starting page.', 'A website homepage often links to its main sections.'),
(5, 1, 'Hyperlink', 'A clickable text or object that opens another page, file, or location.', 'Clickable link.', 'Click a hyperlink to open another article.'),
(6, 1, 'Search Engine', 'An online service that helps users find information on the web.', 'Web search tool.', 'A search engine can find tutorials and documentation.'),
(7, 1, 'Download', 'To receive data from a remote system to a local device.', 'Get file from online.', 'Download a PDF lesson from the website.'),
(8, 1, 'Upload', 'To send data from a local device to a remote system.', 'Send file online.', 'Upload an avatar image to the server.'),
(9, 1, 'Domain Name', 'A human-readable name used to identify an Internet resource.', 'Readable website name.', 'example.com is a domain name.'),
(10, 1, 'Spam', 'Unwanted or unsolicited electronic messages, often sent in bulk.', 'Junk messages.', 'The filter moved the spam email to junk.'),
(11, 2, 'IMAP', 'Internet Message Access Protocol, used by mail clients to access email on a server.', 'Email access protocol.', 'A phone app may use IMAP to sync inbox messages.'),
(12, 2, 'SMTP', 'Simple Mail Transfer Protocol, used to send email messages.', 'Email sending protocol.', 'An app may use SMTP for outgoing mail.'),
(13, 2, 'DNS', 'A system that translates domain names into IP addresses.', 'Internet name lookup.', 'DNS resolves a domain to an IP address.'),
(14, 2, 'HTTP', 'A protocol used to transfer web data between clients and servers.', 'Basic web protocol.', 'A browser uses HTTP to request a webpage.'),
(15, 2, 'HTTPS', 'A secure version of HTTP that encrypts communication.', 'Secure web protocol.', 'Login pages should use HTTPS.'),
(16, 2, 'Cookie', 'A small piece of data stored by a website in a user browser.', 'Website browser data.', 'A cookie can remember a login session.'),
(17, 2, 'FTP', 'A protocol used to transfer files over a network.', 'File transfer protocol.', 'FTP can upload files to a server.'),
(18, 2, 'Web Server', 'A system that delivers web content to clients over the Internet.', 'Server that sends webpages.', 'An Express app can run as a web server.'),
(19, 2, 'Protocol', 'A set of rules for how systems communicate and exchange data.', 'Communication rule set.', 'HTTP and SMTP are protocols.'),
(20, 2, 'Bandwidth', 'The amount of data that can be transmitted over a network connection in a given time.', 'Network capacity.', 'Higher bandwidth can make downloads faster.'),
(21, 3, 'Ajax', 'Asynchronous JavaScript and XML, a technique for requesting data without reloading a whole webpage.', 'Background web request technique.', 'A quiz page can load answers using Ajax-style requests.'),
(22, 3, 'CDN', 'A content delivery network that serves content from distributed servers.', 'Distributed content servers.', 'A CDN can serve images from a nearby location.'),
(23, 3, 'CORS', 'A browser security mechanism that controls cross-origin requests.', 'Cross-site request rule.', 'CORS decides whether a frontend can call another origin.'),
(24, 3, 'DNSSEC', 'Security extensions that help verify DNS data authenticity.', 'Signed DNS.', 'DNSSEC can reduce the risk of forged DNS responses.'),
(25, 3, 'BGP', 'A routing protocol used to exchange routes between large networks on the Internet.', 'Internet backbone routing protocol.', 'ISPs use BGP to announce routes.'),
(26, 3, 'DKIM', 'An email authentication method that uses digital signatures.', 'Signed email verification.', 'DKIM helps verify that an email was not forged.'),
(27, 3, 'REST', 'An API design style based on resources and standard operations.', 'Resource-based API style.', 'A backend can expose REST endpoints for lessons.'),
(28, 3, 'SOAP', 'A protocol for exchanging structured web service messages, often with XML.', 'XML web service protocol.', 'Some enterprise APIs still use SOAP.'),
(29, 3, 'TTL', 'A value that controls how long data remains valid or cached.', 'Time before data expires.', 'DNS records often include a TTL.'),
(30, 3, 'ICMP', 'A network protocol used for control messages and diagnostics.', 'Network diagnostic protocol.', 'Ping commonly uses ICMP messages.'),
(31, 4, 'Esc', 'Short for Escape, a keyboard key often used to cancel or exit an action.', 'Cancel key.', 'Press Esc to close a dialog box.'),
(32, 4, 'Keyboard', 'An input device used to type text and commands.', 'Typing device.', 'Use the keyboard to enter an answer.'),
(33, 4, 'Mouse', 'A pointing device used to move a cursor and select items.', 'Cursor controller.', 'Click the submit button with a mouse.'),
(34, 4, 'Monitor', 'An output device that displays visual information.', 'Computer screen.', 'The quiz appears on the monitor.'),
(35, 4, 'Printer', 'An output device that produces text or images on paper.', 'Paper output device.', 'A printer can print a study sheet.'),
(36, 4, 'CPU', 'The main processor that executes instructions in a computer.', 'Computer brain.', 'The CPU runs program instructions.'),
(37, 4, 'RAM', 'Temporary working memory used while programs are running.', 'Short-term memory.', 'More RAM helps multiple apps run at once.'),
(38, 4, 'USB', 'A common standard for connecting devices and transferring data or power.', 'Common device connector.', 'A flash drive can connect through USB.'),
(39, 4, 'Webcam', 'A camera connected to or built into a computer for video input.', 'Computer camera.', 'A webcam can be used in online meetings.'),
(40, 4, 'Hard Drive', 'A storage device used to save files and programs.', 'Long-term storage.', 'A hard drive stores documents and apps.'),
(41, 5, 'iPod', 'A portable media player first released by Apple in 2001.', 'Apple music player.', 'The first iPod was released in 2001.'),
(42, 5, 'GPU', 'A processor specialized for graphics and parallel workloads.', 'Graphics processor.', 'A GPU renders game graphics.'),
(43, 5, 'Motherboard', 'The main circuit board that connects core computer components.', 'Main board.', 'The CPU and RAM are installed on the motherboard.'),
(44, 5, 'SSD', 'A storage device that uses flash memory instead of spinning disks.', 'Fast storage drive.', 'An SSD can improve boot time.'),
(45, 5, 'HDMI', 'A digital interface used to transmit audio and video.', 'Display cable standard.', 'A laptop can connect to a monitor through HDMI.'),
(46, 5, 'Ethernet', 'A wired networking technology commonly used in local area networks.', 'Wired network connection.', 'A desktop may connect to a router with Ethernet.'),
(47, 5, 'Processor Core', 'An individual processing unit inside a CPU.', 'One CPU working unit.', 'A quad-core CPU has four processor cores.'),
(48, 5, 'Heat Sink', 'A component that helps move heat away from another component.', 'Cooling block.', 'A CPU often uses a heat sink.'),
(49, 5, 'SATA', 'An interface used to connect storage devices such as hard drives and SSDs.', 'Storage connection interface.', 'A SATA cable can connect a hard drive.'),
(50, 5, 'Expansion Card', 'A circuit board added to a computer to provide extra features.', 'Add-on card.', 'A sound card can be an expansion card.'),
(51, 6, 'DMA', 'Direct Memory Access, a feature that lets hardware transfer data without constant CPU involvement.', 'Hardware data transfer path.', 'DMA can move data between memory and a device efficiently.'),
(52, 6, 'ALU', 'The arithmetic logic unit, the part of a CPU that performs arithmetic and logic operations.', 'CPU math logic unit.', 'The ALU can add numbers and compare values.'),
(53, 6, 'CMOS', 'Low-power semiconductor technology associated with motherboard settings memory in PCs.', 'Motherboard settings memory term.', 'Some firmware settings are associated with CMOS memory.'),
(54, 6, 'ECC', 'Error-correcting code memory technology that can detect and correct certain data errors.', 'Self-checking memory.', 'Servers often use ECC memory.'),
(55, 6, 'FPGA', 'A field-programmable gate array that can be configured after manufacturing.', 'Reconfigurable chip.', 'An FPGA can be programmed for a specialized task.'),
(56, 6, 'RISC', 'A processor design approach based on a reduced instruction set.', 'Simpler instruction CPU design.', 'ARM is commonly associated with RISC-style design.'),
(57, 6, 'CISC', 'A processor design approach based on a complex instruction set.', 'Complex instruction CPU design.', 'x86 is commonly associated with CISC-style design.'),
(58, 6, 'Northbridge', 'A chipset component that historically connected the CPU to high-speed components.', 'Older fast chipset bridge.', 'Older PCs used a northbridge for CPU-memory communication.'),
(59, 6, 'NVMe', 'A storage protocol designed for fast SSDs over PCI Express.', 'Fast SSD protocol.', 'Many M.2 SSDs use NVMe.'),
(60, 6, 'IOPS', 'Input/output operations per second, a storage performance measurement.', 'Storage operations per second.', 'SSDs often advertise high IOPS.'),
(61, 7, 'Toolbar', 'A row or group of buttons for common commands in an application.', 'Button bar.', 'The toolbar may contain Save and Undo buttons.'),
(62, 7, 'App', 'A software application designed to perform tasks for users.', 'User program.', 'A quiz app helps students practice terms.'),
(63, 7, 'Program', 'A set of instructions that a computer can run.', 'Runnable instructions.', 'A browser is a program.'),
(64, 7, 'Folder', 'A container used to organize files.', 'File container.', 'A project folder can contain source files.'),
(65, 7, 'File Extension', 'The suffix at the end of a filename that indicates file type.', 'Filename ending.', 'The .ts extension often means a TypeScript file.'),
(66, 7, 'Desktop', 'The main workspace shown by an operating system after login.', 'Main computer workspace.', 'Shortcuts may appear on the desktop.'),
(67, 7, 'Window', 'A rectangular screen area that displays an app or document.', 'App box on screen.', 'The quiz opens in a browser window.'),
(68, 7, 'Text Editor', 'A program used to create and edit plain text files.', 'Plain text editing app.', 'Developers often write code in a text editor.'),
(69, 7, 'Backup', 'A copy of data kept so it can be restored later.', 'Safety copy.', 'Make a backup before changing important files.'),
(70, 7, 'Document', 'An electronic file containing text, media, or other content.', 'Electronic paper.', 'A report can be saved as a document.'),
(71, 8, 'File', 'A named item of data stored on a computer.', 'Saved digital item.', 'A PDF can be stored as a file.'),
(72, 8, 'API', 'A defined way for software components to communicate.', 'Software contract.', 'The frontend calls an API to get quiz data.'),
(73, 8, 'Function', 'A reusable block of code that performs a specific task.', 'Reusable code action.', 'A function can calculate a score.'),
(74, 8, 'Loop', 'A programming structure that repeats instructions.', 'Repeat block.', 'A loop can process all questions.'),
(75, 8, 'Query', 'A request for information from a database or search system.', 'Ask a system for data.', 'A SQL query can select lessons.'),
(76, 8, 'Runtime', 'The period when a program is executing.', 'When software is running.', 'A runtime error appears while the app runs.'),
(77, 8, 'GUI', 'A graphical user interface that uses visual elements for interaction.', 'Visual interface.', 'Buttons and windows are part of a GUI.'),
(78, 8, 'Patch', 'A software update that fixes bugs or improves behavior.', 'Fix update.', 'A patch can fix a login bug.'),
(79, 8, 'Permissions', 'Rules that define what a user or program may access or change.', 'Access rules.', 'Admin permissions may be required.'),
(80, 8, 'Version Control', 'A system for tracking changes to files over time.', 'Code history management.', 'Git is used for version control.'),
(81, 9, 'Interpreter', 'A program that parses and executes script code.', 'Script runner.', 'A JavaScript engine can interpret code.'),
(82, 9, 'Compiler', 'A program that translates source code into another form, often machine code.', 'Code translator.', 'A compiler can turn C++ into an executable.'),
(83, 9, 'Kernel', 'The core part of an operating system that manages resources.', 'OS core.', 'The kernel manages memory and processes.'),
(84, 9, 'Deadlock', 'A state where processes wait on each other and cannot continue.', 'Processes stuck waiting.', 'A deadlock can occur when two processes each hold a needed resource.'),
(85, 9, 'Race Condition', 'A bug where behavior depends on unpredictable timing between operations.', 'Timing bug.', 'A race condition can appear when two requests update the same value.'),
(86, 9, 'Garbage Collection', 'Automatic memory management that frees objects no longer in use.', 'Automatic memory cleanup.', 'JavaScript uses garbage collection.'),
(87, 9, 'Bytecode', 'Intermediate code that can be executed by a virtual machine or runtime.', 'Middle form code.', 'Java source can compile into bytecode.'),
(88, 9, 'System Call', 'A request made by a program to the operating system kernel.', 'Program asks OS service.', 'Reading a file may require a system call.'),
(89, 9, 'SQL Injection', 'A security vulnerability where malicious SQL is inserted through input.', 'Database input attack.', 'Parameterized queries help prevent SQL injection.'),
(90, 9, 'Design Pattern', 'A reusable solution template for a common software design problem.', 'Reusable design solution.', 'MVC is often discussed as a design pattern.');

INSERT INTO questions
(id, lessonId, termId, questionText, optionA, optionB, optionC, optionD, correctOption, xpReward)
VALUES
(1, 1, 1, 'What is the email field used for copying recipients called?', 'Subject', 'Cc', 'Attachment', 'Inbox', 'B', 10),
(2, 1, 2, 'Which software is used to view webpages?', 'Browser', 'Spreadsheet', 'Compiler', 'Heat sink', 'A', 10),
(3, 1, 3, 'What is the address of a webpage or Internet resource called?', 'Cookie', 'URL', 'Toolbar', 'RAM', 'B', 10),
(4, 1, 4, 'What is the main starting page of a website commonly called?', 'Inbox', 'Homepage', 'Driver', 'Motherboard', 'B', 10),
(5, 1, 5, 'What clickable item takes a user to another page or resource?', 'Hyperlink', 'Firewall only', 'Desktop', 'Printer', 'A', 10),
(6, 1, 6, 'What type of service helps users find information on the web?', 'Search Engine', 'Text Editor', 'Expansion Card', 'ALU', 'A', 10),
(7, 1, 7, 'What action means receiving a file from the Internet to your device?', 'Upload', 'Download', 'Compile', 'Format', 'B', 10),
(8, 1, 8, 'What action means sending a local file to an online server?', 'Upload', 'Print', 'Render', 'Parse', 'A', 10),
(9, 1, 9, 'Which term refers to a readable website name such as example.com?', 'IPsec', 'Domain Name', 'Bytecode', 'USB', 'B', 10),
(10, 1, 10, 'What is the common name for unwanted bulk email messages?', 'Spam', 'Patch', 'Cache only', 'Kernel', 'A', 10),
(11, 2, 11, 'The IMAP protocol is used for what Internet service?', 'Video rendering', 'Email access', 'Memory testing', 'Local printing', 'B', 15),
(12, 2, 12, 'Which protocol is mainly used to send email?', 'SMTP', 'HDMI', 'SATA', 'NVMe', 'A', 15),
(13, 2, 13, 'What system translates domain names into IP addresses?', 'DNS', 'DMA', 'GUI', 'ECC', 'A', 15),
(14, 2, 14, 'Which protocol is commonly used by browsers to request webpages?', 'HTTP', 'ALU', 'CMOS', 'RISC', 'A', 15),
(15, 2, 15, 'What does HTTPS add to ordinary HTTP communication?', 'Encryption/security', 'More CPU cores', 'Printer support', 'File compression only', 'A', 15),
(16, 2, 16, 'What small piece of website data may be stored in a browser?', 'Cookie', 'Heat sink', 'Compiler', 'Northbridge', 'A', 15),
(17, 2, 17, 'Which protocol is commonly associated with transferring files over a network?', 'FTP', 'CISC', 'Toolbar', 'Webcam', 'A', 15),
(18, 2, 18, 'What system delivers webpages or web content to clients?', 'Web Server', 'Graphics card only', 'Text editor', 'USB cable', 'A', 15),
(19, 2, 19, 'What do HTTP, SMTP, and FTP all represent?', 'Protocols', 'Processors', 'Documents', 'Folders', 'A', 15),
(20, 2, 20, 'What term describes the data capacity of a network connection?', 'Bandwidth', 'Bytecode', 'Permissions', 'Esc', 'A', 15),
(21, 3, 21, 'What do the letters in "Ajax" stand for?', 'Advanced Java and XML', 'Asynchronous JavaScript and XML', 'Automatic JSON and XHTML', 'Applied JavaScript Extension', 'B', 20),
(22, 3, 22, 'What type of network serves content from distributed servers closer to users?', 'CDN', 'ECC', 'GUI', 'SSD', 'A', 20),
(23, 3, 23, 'Which browser mechanism controls whether a page can request resources from another origin?', 'CORS', 'BGP', 'SATA', 'Toolbar', 'A', 20),
(24, 3, 24, 'Which DNS-related technology helps verify the authenticity of DNS data?', 'DNSSEC', 'SMTP', 'DMA', 'GUI', 'A', 20),
(25, 3, 25, 'Which routing protocol exchanges route information between large Internet networks?', 'BGP', 'FTP', 'ALU', 'API', 'A', 20),
(26, 3, 26, 'Which email authentication method uses digital signatures to verify message origin?', 'DKIM', 'USB', 'Loop', 'HDMI', 'A', 20),
(27, 3, 27, 'Which API style is commonly based on resources and standard HTTP operations?', 'REST', 'SOAP only', 'CMOS', 'Folder', 'A', 20),
(28, 3, 28, 'Which web service protocol is strongly associated with XML-based messages?', 'SOAP', 'NVMe', 'Text Editor', 'RAM', 'A', 20),
(29, 3, 29, 'What value controls how long cached DNS data or packets may remain valid?', 'TTL', 'GPU', 'Query', 'Desktop', 'A', 20),
(30, 3, 30, 'Which protocol is commonly used by ping for network diagnostics?', 'ICMP', 'SMTP', 'HTML only', 'Patch', 'A', 20),
(31, 4, 31, 'The letters on the "Esc" key are an abbreviation for what?', 'Escape', 'Escort', 'Execute', 'Exchange', 'A', 10),
(32, 4, 32, 'Which input device is mainly used for typing?', 'Monitor', 'Keyboard', 'Printer', 'Speaker', 'B', 10),
(33, 4, 33, 'Which device is commonly used to move a cursor and click items?', 'Mouse', 'RAM', 'CPU', 'Web server', 'A', 10),
(34, 4, 34, 'Which device displays visual output from a computer?', 'Monitor', 'Router only', 'Keyboard', 'Heat sink', 'A', 10),
(35, 4, 35, 'Which device produces text or images on paper?', 'Printer', 'Browser', 'Loop', 'Cookie', 'A', 10),
(36, 4, 36, 'Which component is often described as the main processor of a computer?', 'CPU', 'USB', 'Folder', 'SMTP', 'A', 10),
(37, 4, 37, 'Which memory is used as temporary working memory while programs run?', 'RAM', 'ROM only', 'Printer', 'Hyperlink', 'A', 10),
(38, 4, 38, 'Which common standard is used to connect many external devices?', 'USB', 'REST', 'SQL', 'Toolbar', 'A', 10),
(39, 4, 39, 'Which device captures video input for calls or recording?', 'Webcam', 'Hard drive', 'Compiler', 'Cookie', 'A', 10),
(40, 4, 40, 'Which device is used for long-term storage of files and programs?', 'Hard Drive', 'GUI', 'Protocol', 'Window', 'A', 10),
(41, 5, 41, 'When was the first iPod released?', '1998', '2001', '2007', '2010', 'B', 15),
(42, 5, 42, 'Which processor is specialized for graphics rendering?', 'GPU', 'DNS', 'Patch', 'Folder', 'A', 15),
(43, 5, 43, 'What is the main circuit board that connects core PC components?', 'Motherboard', 'Cookie', 'Function', 'Search engine', 'A', 15),
(44, 5, 44, 'Which storage device uses flash memory and has no spinning disk?', 'SSD', 'CRT monitor', 'Printer', 'Esc key', 'A', 15),
(45, 5, 45, 'Which interface is commonly used to carry digital audio and video to a display?', 'HDMI', 'SMTP', 'CORS', 'ALU', 'A', 15),
(46, 5, 46, 'Which technology is commonly used for wired local network connections?', 'Ethernet', 'Toolbar', 'Bytecode', 'CMOS', 'A', 15),
(47, 5, 47, 'What is one independent processing unit inside a CPU called?', 'Processor Core', 'Homepage', 'File Extension', 'Cookie', 'A', 15),
(48, 5, 48, 'Which component helps draw heat away from a CPU or chip?', 'Heat Sink', 'Search Engine', 'GUI', 'REST', 'A', 15),
(49, 5, 49, 'Which interface is used to connect many internal storage drives?', 'SATA', 'Ajax', 'Document', 'DKIM', 'A', 15),
(50, 5, 50, 'What kind of board can be added to a PC to provide extra features?', 'Expansion Card', 'Webpage', 'Loop', 'Cookie', 'A', 15),
(51, 6, 51, 'What acronym describes memory transfers that bypass the CPU?', 'Direct Memory Access', 'Dynamic Memory Allocation', 'Digital Module Adapter', 'Data Mapping Array', 'A', 20),
(52, 6, 52, 'Which CPU unit performs arithmetic and logical operations?', 'ALU', 'IMAP', 'GUI', 'Cookie', 'A', 20),
(53, 6, 53, 'Which motherboard-related term is traditionally associated with storing BIOS or UEFI settings?', 'CMOS', 'REST', 'Patch', 'Folder', 'A', 20),
(54, 6, 54, 'Which memory technology can detect and correct certain data errors?', 'ECC', 'Ajax', 'Shortcut', 'Window', 'A', 20),
(55, 6, 55, 'Which chip can be configured after manufacturing for specialized hardware tasks?', 'FPGA', 'SMTP', 'Text Editor', 'Cookie', 'A', 20),
(56, 6, 56, 'Which processor design approach uses a reduced instruction set?', 'RISC', 'CORS', 'Toolbar', 'Webcam', 'A', 20),
(57, 6, 57, 'Which processor design approach uses a complex instruction set?', 'CISC', 'DNSSEC', 'Document', 'Upload', 'A', 20),
(58, 6, 58, 'Which older chipset component connected the CPU to high-speed components?', 'Northbridge', 'Footer', 'Compiler', 'Spam', 'A', 20),
(59, 6, 59, 'Which storage protocol is designed for fast SSDs over PCI Express?', 'NVMe', 'HTTP', 'GUI', 'Printer', 'A', 20),
(60, 6, 60, 'Which metric measures storage input/output operations per second?', 'IOPS', 'TTL', 'URL', 'Folder', 'A', 20),
(61, 7, 61, 'The toolbar is typically located in what part of a window?', 'Bottom', 'Top', 'Only inside a file name', 'Only in hardware', 'B', 10),
(62, 7, 62, 'What is a software application commonly called on phones and computers?', 'App', 'CPU', 'Cable', 'Monitor', 'A', 10),
(63, 7, 63, 'What is a set of instructions that a computer can run called?', 'Program', 'Domain Name', 'Keyboard', 'Heat sink', 'A', 10),
(64, 7, 64, 'What container is used to organize files?', 'Folder', 'RAM', 'SMTP', 'GPU', 'A', 10),
(65, 7, 65, 'What part of a filename usually indicates its file type?', 'File Extension', 'Processor Core', 'Search Engine', 'Cookie', 'A', 10),
(66, 7, 66, 'What is the main workspace shown after logging into an operating system called?', 'Desktop', 'Motherboard', 'DNS', 'DMA', 'A', 10),
(67, 7, 67, 'What rectangular screen area displays an app or document?', 'Window', 'USB', 'CORS', 'ALU', 'A', 10),
(68, 7, 68, 'Which software is used to edit plain text files?', 'Text Editor', 'Printer', 'Webcam', 'Router', 'A', 10),
(69, 7, 69, 'What is a copy of data kept so it can be restored later?', 'Backup', 'Bandwidth', 'Expansion Card', 'ICMP', 'A', 10),
(70, 7, 70, 'What is an electronic file containing text or other content called?', 'Document', 'Heat Sink', 'Protocol', 'GPU', 'A', 10),
(71, 8, 71, 'What term describes an electronic document?', 'File', 'Motherboard', 'Bandwidth', 'CPU', 'A', 15),
(72, 8, 72, 'What allows software components to communicate through defined rules?', 'API', 'Monitor', 'Esc', 'Printer', 'A', 15),
(73, 8, 73, 'What reusable block of code performs a specific task?', 'Function', 'Cookie', 'HDMI', 'Webcam', 'A', 15),
(74, 8, 74, 'What programming structure repeats a set of instructions?', 'Loop', 'RAM', 'SMTP', 'Toolbar only', 'A', 15),
(75, 8, 75, 'What is a request for information from a database or search system called?', 'Query', 'Heat sink', 'Domain Name', 'Keyboard', 'A', 15),
(76, 8, 76, 'What term refers to the period when a program is executing?', 'Runtime', 'Download', 'SATA', 'Cc', 'A', 15),
(77, 8, 77, 'What type of interface uses visual elements like buttons and windows?', 'GUI', 'DNSSEC', 'FPGA', 'SMTP', 'A', 15),
(78, 8, 78, 'What software update fixes bugs or improves behavior?', 'Patch', 'Printer', 'Northbridge', 'Search Engine', 'A', 15),
(79, 8, 79, 'What rules define what a user or program can access or change?', 'Permissions', 'HDMI', 'RAM', 'Spam', 'A', 15),
(80, 8, 80, 'What system tracks changes to code or files over time?', 'Version Control', 'Webcam', 'Hard Drive', 'TTL', 'A', 15),
(81, 9, 81, 'Which of the following can parse a script?', 'Firewall', 'Interpreter', 'Spreadsheet', 'Image editor', 'B', 20),
(82, 9, 82, 'Which program translates source code into another form before execution?', 'Compiler', 'Router', 'Monitor', 'Cc field', 'A', 20),
(83, 9, 83, 'What is the core part of an operating system that manages hardware resources?', 'Kernel', 'Cookie', 'HDMI', 'Hyperlink', 'A', 20),
(84, 9, 84, 'What condition occurs when processes wait on each other and cannot continue?', 'Deadlock', 'Homepage', 'USB', 'Printer queue only', 'A', 20),
(85, 9, 85, 'What bug depends on unpredictable timing between operations?', 'Race Condition', 'Domain Name', 'Heat Sink', 'Download', 'A', 20),
(86, 9, 86, 'What automatic memory management frees unused objects?', 'Garbage Collection', 'Search Engine', 'SATA', 'Cc', 'A', 20),
(87, 9, 87, 'What is intermediate code executed by a virtual machine or runtime called?', 'Bytecode', 'Bandwidth', 'Keyboard', 'Toolbar', 'A', 20),
(88, 9, 88, 'What request does a program make to the operating system kernel for a service?', 'System Call', 'Upload', 'Webcam', 'Cookie', 'A', 20),
(89, 9, 89, 'Which vulnerability involves malicious SQL inserted through user input?', 'SQL Injection', 'HTTP', 'Monitor', 'Expansion Card', 'A', 20),
(90, 9, 90, 'What is a reusable solution template for a common software design problem?', 'Design Pattern', 'Hard Drive', 'IMAP', 'Domain Name', 'A', 20);